credit_score,annual_income,loan_amount,debt_to_income_ratio,employment_status,home_ownership,loan_status
704,4824375,1205575,0.218,Self-Employed,Mortgage,0
597,3451057,1037915,0.324,Unemployed,Mortgage,1
740,4039361,2241498,0.121,Employed,Own,0
755,6822932,1973159,0.147,Self-Employed,Mortgage,0
524,4977012,618765,0.153,Self-Employed,Own,0
576,5891091,3629922,0.238,Self-Employed,Own,0
690,6947432,1548697,0.259,Unemployed,Rent,1
655,4120203,760114,0.246,Employed,Rent,0
679,7253287,3801815,0.21,Employed,Rent,0
612,6005963,2563289,0.22,Employed,Rent,0
750,2680319,682592,0.212,Employed,Mortgage,0
742,10221367,5739450,0.232,Employed,Rent,0
685,3868879,2623464,0.165,Self-Employed,Rent,0
770,2172276,1642487,0.394,Unemployed,Rent,1
717,2947081,5035361,0.278,Employed,Mortgage,0
611,2982605,1849323,0.192,Self-Employed,Mortgage,0
710,5100931,1621986,0.223,Employed,Own,0
603,4333596,1041982,0.196,Employed,Rent,0
750,4199302,2485850,0.144,Employed,Rent,0
676,6774626,2309309,0.336,Employed,Own,0
665,5890095,1671288,0.083,Employed,Mortgage,0
626,5820292,951512,0.151,Self-Employed,Mortgage,1
778,6099753,1811724,0.336,Employed,Mortgage,0
668,6762508,1575340,0.339,Employed,Rent,0
646,2075000,650471,0.208,Employed,Own,0
652,4141700,590379,0.144,Employed,Mortgage,0
723,2075000,2456966,0.139,Unemployed,Mortgage,0
709,5059929,415000,0.213,Unemployed,Mortgage,0
713,4958088,1909996,0.119,Employed,Rent,0
714,8382087,1183746,0.24,Employed,Rent,0
850,8999275,4133400,0.278,Employed,Mortgage,0
647,5499829,1171047,0.204,Employed,Mortgage,0
639,3869626,2624709,0.239,Employed,Rent,0
615,6333896,1252968,0.287,Employed,Rent,0
729,3816672,1791306,0.223,Employed,Own,0
770,4966056,2770706,0.206,Employed,Rent,0
671,8136822,1196694,0.424,Employed,Mortgage,0
613,3760066,3323154,0.253,Employed,Mortgage,0
614,7434808,825103,0.292,Employed,Own,0
732,6972913,2033085,0.248,Employed,Mortgage,0
739,3083118,3155577,0.231,Employed,Own,0
723,8087188,2625705,0.226,Employed,Rent,0
627,7047115,6327090,0.281,Employed,Own,0
699,5229415,969440,0.111,Self-Employed,Own,0
689,3394534,629970,0.337,Unemployed,Mortgage,0
697,3234012,824688,0.211,Employed,Mortgage,0
750,3798080,2626452,0.098,Self-Employed,Rent,0
698,6518405,2344003,0.139,Self-Employed,Mortgage,0
734,3081790,1776947,0.143,Employed,Rent,0
685,6184745,753723,0.104,Employed,Rent,0
703,2671023,2829636,0.22,Employed,Own,0
731,4487478,701931,0.25,Employed,Rent,0
563,5249584,3723214,0.175,Unemployed,Mortgage,0
654,16600000,8300000,0.175,Employed,Rent,0
642,2495976,2137914,0.125,Employed,Rent,0
629,10374336,2488091,0.259,Employed,Rent,0
658,5356156,1171545,0.349,Employed,Rent,0
800,6103820,465879,0.172,Employed,Mortgage,0
611,5272492,1084810,0.176,Employed,Own,0
757,6207072,769742,0.287,Employed,Mortgage,0
545,4602018,600754,0.222,Self-Employed,Own,1
653,10281625,5523318,0.161,Employed,Mortgage,0
693,3955448,2002375,0.22,Employed,Mortgage,0
727,8753429,2157834,0.114,Self-Employed,Rent,0
737,3600789,1332482,0.171,Employed,Rent,0
743,4822051,1465697,0.173,Employed,Own,0
652,2907656,3249533,0.249,Self-Employed,Mortgage,0
643,6239110,1617172,0.322,Employed,Mortgage,0
749,10235809,2398451,0.259,Employed,Own,0
665,4781049,1442125,0.208,Employed,Rent,0
578,4503663,1301938,0.236,Employed,Mortgage,0
589,2846319,617852,0.155,Employed,Rent,0
606,4431287,415000,0.265,Employed,Own,0
720,2241000,1377468,0.374,Employed,Rent,0
691,3148356,1720922,0.211,Employed,Rent,0
735,5566229,672383,0.271,Employed,Mortgage,0
646,9610321,1614765,0.149,Employed,Rent,0
693,16600000,1717685,0.267,Employed,Own,1
730,3706282,415000,0.302,Unemployed,Mortgage,1
655,10185677,871749,0.261,Employed,Rent,0
717,5613705,2199915,0.33,Employed,Rent,0
627,4607579,2169039,0.299,Employed,Own,0
651,6169556,737704,0.264,Employed,Mortgage,1
649,5125831,1848244,0.235,Employed,Own,0
584,5251576,3383827,0.234,Self-Employed,Rent,1
719,4051811,2849888,0.173,Employed,Own,0
642,2470163,1547452,0.09,Employed,Mortgage,0
681,2296776,1192129,0.295,Employed,Mortgage,1
718,6889166,1064807,0.286,Self-Employed,Rent,0
716,4327454,2295199,0.301,Employed,Rent,0
733,3688769,1896301,0.058,Employed,Own,0
672,4990707,2570012,0.141,Self-Employed,Own,0
646,7394968,1814214,0.21,Self-Employed,Rent,0
674,5438575,2934299,0.204,Employed,Own,0
545,3579790,1767485,0.284,Unemployed,Rent,1
564,9174986,2865160,0.187,Self-Employed,Rent,1
574,10945459,3043195,0.136,Employed,Rent,0
600,6363693,941884,0.37,Self-Employed,Rent,0
712,8086192,466543,0.314,Employed,Rent,0
608,9247113,4873345,0.165,Employed,Rent,0
650,8744133,1979799,0.323,Employed,Rent,0
784,6755619,498166,0.086,Self-Employed,Mortgage,0
651,6702665,1003636,0.239,Employed,Own,0
739,6444037,2839513,0.297,Employed,Mortgage,0
605,2870970,1360121,0.363,Employed,Rent,1
664,7054668,1155941,0.076,Employed,Mortgage,1
604,2522951,4410288,0.13,Unemployed,Rent,1
653,3340169,794725,0.227,Self-Employed,Mortgage,1
747,9536368,946117,0.177,Employed,Mortgage,0
542,7564288,1918047,0.167,Self-Employed,Rent,1
715,10454431,2174185,0.261,Self-Employed,Rent,0
699,4338327,2341430,0.177,Employed,Own,0
632,2793282,3130511,0.369,Employed,Own,1
564,4406636,1900949,0.334,Employed,Mortgage,0
686,5229664,2330059,0.263,Employed,Own,0
638,5169738,1379709,0.287,Employed,Own,0
699,8759737,1728475,0.248,Employed,Rent,0
682,4148257,1783587,0.308,Unemployed,Mortgage,1
808,5925951,1923027,0.192,Employed,Rent,0
661,3031409,2840841,0.438,Self-Employed,Mortgage,1
598,6224502,2439868,0.396,Unemployed,Rent,1
694,4977261,1706231,0.07,Employed,Own,0
698,3415865,938896,0.142,Employed,Mortgage,0
789,4416762,1734451,0.247,Self-Employed,Rent,0
747,4532381,1622069,0.299,Self-Employed,Rent,0
709,4341647,1893728,0.142,Employed,Mortgage,1
797,12049193,7751619,0.313,Employed,Mortgage,0
585,4730834,1146479,0.17,Employed,Own,0
629,4399000,2223155,0.239,Self-Employed,Rent,0
606,2075000,3494715,0.234,Self-Employed,Mortgage,0
649,3177904,1771718,0.154,Employed,Mortgage,1
570,4357002,8300000,0.252,Employed,Rent,1
731,3526836,1269568,0.172,Employed,Mortgage,0
662,9916342,2075498,0.134,Unemployed,Rent,0
562,4576205,945702,0.083,Unemployed,Rent,1
599,9464573,1293389,0.294,Self-Employed,Mortgage,0
705,5125250,1969092,0.246,Employed,Own,0
747,5062917,2991403,0.239,Employed,Rent,0
840,4753742,2068277,0.138,Employed,Rent,0
850,4979004,3993628,0.189,Employed,Mortgage,1
713,11736781,1547867,0.25,Employed,Own,0
601,2075000,1311068,0.174,Self-Employed,Mortgage,1
509,2075000,8300000,0.361,Employed,Rent,1
701,3787622,2179912,0.286,Employed,Mortgage,0
615,5005813,999652,0.219,Unemployed,Mortgage,1
647,7017318,1017497,0.248,Employed,Mortgage,0
631,6295716,855066,0.087,Employed,Rent,0
669,4100864,3186536,0.084,Unemployed,Rent,0
765,8271780,1281769,0.138,Employed,Rent,0
693,8318011,1808487,0.264,Employed,Mortgage,0
667,5448618,1582312,0.299,Employed,Rent,0
597,8041870,2760414,0.442,Self-Employed,Rent,1
546,5695377,914494,0.21,Employed,Mortgage,0
641,3753094,779121,0.287,Employed,Mortgage,0
676,7044459,1935477,0.337,Employed,Rent,0
821,5252157,2519382,0.175,Employed,Mortgage,0
690,4972862,2087782,0.187,Self-Employed,Mortgage,0
759,10379233,938647,0.172,Employed,Rent,0
640,2075000,2657992,0.133,Employed,Own,0
585,2446093,982803,0.436,Employed,Own,1
603,2745059,1148305,0.209,Employed,Rent,0
622,4144190,854319,0.283,Employed,Rent,1
850,4375511,4112982,0.418,Employed,Rent,0
614,2338857,2577233,0.392,Employed,Rent,0
747,3036638,2526437,0.121,Employed,Mortgage,0
608,3231356,3960511,0.208,Self-Employed,Own,1
755,16600000,8300000,0.256,Unemployed,Own,0
711,12233785,499992,0.368,Employed,Rent,1
667,4044922,986538,0.232,Employed,Mortgage,0
677,4143526,1074684,0.136,Employed,Rent,1
628,2797515,911921,0.202,Employed,Mortgage,0
716,2075000,778042,0.069,Employed,Rent,0
644,4687425,1341197,0.262,Unemployed,Own,0
582,3017465,705915,0.29,Self-Employed,Own,0
578,4763121,2091434,0.216,Employed,Rent,0
694,2232700,1715195,0.331,Unemployed,Mortgage,1
806,3395115,2316447,0.144,Employed,Mortgage,0
693,5352919,2360188,0.275,Employed,Own,0
671,5968115,2522951,0.179,Employed,Mortgage,0
703,6123076,1273718,0.172,Employed,Rent,0
784,2567854,7301842,0.166,Self-Employed,Mortgage,0
698,7619234,1949255,0.273,Employed,Rent,0
647,3330873,449113,0.237,Employed,Mortgage,0
769,6819280,820123,0.226,Employed,Rent,0
714,4943148,489202,0.291,Unemployed,Mortgage,0
803,2497138,1674442,0.202,Employed,Own,0
695,4242794,1518983,0.207,Employed,Rent,0
582,5965625,1191797,0.372,Employed,Mortgage,0
571,6751801,6759686,0.137,Unemployed,Mortgage,1
812,4631317,2429327,0.153,Employed,Rent,0
818,10689072,2749956,0.364,Employed,Mortgage,0
666,8224221,862038,0.31,Self-Employed,Mortgage,0
649,4371029,821949,0.186,Employed,Rent,0
797,7231126,1697433,0.168,Employed,Own,0
591,13068765,1867168,0.171,Employed,Mortgage,0
608,13244393,451105,0.32,Employed,Mortgage,1
731,2689449,1458061,0.198,Employed,Rent,0
648,3126942,1670624,0.149,Employed,Rent,0
680,10441483,1422952,0.307,Employed,Rent,0
667,2927659,936074,0.131,Employed,Own,0
707,2565281,1133863,0.195,Employed,Own,0
793,3897099,1461630,0.337,Unemployed,Own,1
687,6131542,1762754,0.254,Employed,Rent,0
732,4721538,2526105,0.439,Employed,Mortgage,0
516,3589667,3525176,0.209,Employed,Mortgage,1
676,3547420,1346177,0.203,Self-Employed,Mortgage,0
613,3480439,1202006,0.185,Employed,Rent,0
582,3201393,2247225,0.286,Employed,Own,0
610,15551295,2536812,0.228,Employed,Rent,0
653,5766591,1220681,0.273,Employed,Rent,1
753,7742406,2876614,0.148,Self-Employed,Own,0
574,3891455,3283895,0.298,Self-Employed,Mortgage,1
682,4528314,4085758,0.271,Self-Employed,Rent,0
641,3478364,5744015,0.236,Employed,Mortgage,1
654,2075000,901961,0.172,Employed,Own,0
760,2495063,1670375,0.357,Employed,Rent,0
723,2075000,1667304,0.295,Self-Employed,Mortgage,0
787,2075000,1544464,0.25,Unemployed,Rent,1
668,2733688,1050033,0.117,Unemployed,Rent,0
624,9638873,584735,0.241,Employed,Mortgage,0
662,4860397,1765078,0.246,Self-Employed,Mortgage,0
699,9474616,966037,0.171,Employed,Rent,0
694,6103239,1756861,0.178,Self-Employed,Mortgage,0
593,7349318,948856,0.313,Employed,Mortgage,0
687,3167280,766090,0.219,Employed,Mortgage,1
698,6457898,1949006,0.148,Employed,Mortgage,0
850,7154102,1838533,0.209,Unemployed,Own,0
830,3724791,2481451,0.121,Employed,Mortgage,0
612,6573849,7640316,0.203,Employed,Mortgage,0
657,6595761,2008600,0.484,Employed,Mortgage,0
563,3775587,2323087,0.23,Employed,Mortgage,0
633,2834699,778042,0.267,Unemployed,Rent,1
705,2749043,671968,0.224,Employed,Rent,0
776,5189243,5009382,0.136,Employed,Rent,0
622,5852330,866686,0.221,Self-Employed,Rent,1
628,3343655,796551,0.21,Employed,Own,0
508,5036025,1609536,0.355,Employed,Mortgage,1
667,6610120,1553013,0.178,Employed,Mortgage,0
595,6769480,879468,0.326,Employed,Mortgage,0
638,10797055,1336217,0.162,Employed,Mortgage,0
610,9410457,3911375,0.262,Employed,Mortgage,0
672,3012236,940971,0.126,Employed,Mortgage,1
539,11531937,623579,0.273,Self-Employed,Mortgage,1
563,3810779,3199982,0.163,Self-Employed,Rent,1
850,8379348,2334790,0.101,Self-Employed,Mortgage,0
577,5141352,1071364,0.152,Employed,Mortgage,0
592,4044092,546555,0.259,Employed,Mortgage,0
827,2075000,982222,0.229,Unemployed,Own,0
850,4561016,1592106,0.104,Self-Employed,Mortgage,0
586,2278765,3740810,0.257,Employed,Mortgage,1
651,8060545,800701,0.214,Employed,Rent,0
707,10609226,1559155,0.156,Employed,Mortgage,0
818,3336351,2653676,0.176,Employed,Own,0
601,5779456,415000,0.235,Employed,Own,0
660,3457780,3410885,0.211,Employed,Own,0
742,3629507,723013,0.167,Unemployed,Rent,0
715,7319770,2087035,0.182,Employed,Mortgage,0
650,4874673,1966021,0.146,Employed,Own,0
669,11859787,3534389,0.172,Employed,Mortgage,0
570,3904818,2432647,0.111,Self-Employed,Mortgage,0
661,8190689,415000,0.104,Self-Employed,Mortgage,0
659,5217629,954998,0.158,Employed,Mortgage,1
699,7398039,1822265,0.27,Employed,Rent,0
636,3973874,1443204,0.211,Employed,Rent,1
718,4847947,2310969,0.266,Self-Employed,Own,0
761,4690662,2874539,0.219,Employed,Own,0
692,3271694,2532579,0.251,Self-Employed,Own,0
708,6919710,1423782,0.158,Employed,Rent,0
684,6878874,454259,0.156,Employed,Rent,0
680,6686646,1202587,0.206,Employed,Rent,0
622,10716794,2213942,0.268,Employed,Own,0
705,10257472,771070,0.145,Employed,Mortgage,0
672,4120037,2573415,0.177,Employed,Own,0
847,5988616,3124286,0.17,Self-Employed,Rent,0
806,3638388,1807823,0.441,Employed,Mortgage,0
711,5027891,415000,0.232,Unemployed,Mortgage,0
619,3681963,676118,0.223,Employed,Rent,0
591,11171468,6194539,0.17,Employed,Own,1
775,5960645,1128385,0.062,Unemployed,Mortgage,0
701,4456270,415000,0.302,Self-Employed,Rent,0
718,9026250,3927477,0.121,Employed,Rent,0
540,2075000,1669794,0.189,Self-Employed,Own,1
754,2075000,3585102,0.12,Employed,Mortgage,0
716,7398288,2008102,0.312,Employed,Mortgage,0
591,5122096,2280342,0.279,Employed,Mortgage,0
642,5632463,2132768,0.104,Employed,Mortgage,0
701,2560301,2695508,0.144,Employed,Mortgage,1
684,4912189,8146035,0.218,Employed,Own,0
657,13532403,3264224,0.071,Unemployed,Rent,0
672,7503947,547219,0.078,Self-Employed,Mortgage,0
660,5409608,2261418,0.174,Self-Employed,Rent,0
692,3990059,3677979,0.298,Self-Employed,Rent,1
798,4079782,3838999,0.168,Employed,Mortgage,0
475,2075000,1227155,0.306,Employed,Own,0
661,5652798,3738901,0.226,Employed,Rent,0
694,7584208,3166865,0.179,Employed,Mortgage,0
704,2260339,8300000,0.292,Employed,Mortgage,1
650,3570162,978570,0.138,Employed,Rent,0
539,2785978,1159676,0.269,Employed,Mortgage,1
706,3066850,1335138,0.333,Employed,Own,0
818,5104251,1173703,0.173,Employed,Rent,0
557,2075000,887187,0.096,Employed,Rent,0
749,6756200,415000,0.067,Employed,Own,0
654,7244572,1220266,0.16,Unemployed,Rent,0
675,4383230,2142313,0.176,Employed,Rent,0
596,2075000,1171213,0.203,Self-Employed,Own,1
653,3019623,6411501,0.226,Self-Employed,Own,0
784,9205281,1669794,0.194,Employed,Mortgage,0
727,2075000,4083932,0.148,Employed,Mortgage,1
819,4176892,1986439,0.128,Employed,Own,0
774,2754770,2950069,0.111,Employed,Mortgage,0
715,7430658,2011339,0.237,Employed,Mortgage,0
820,3545843,4312348,0.287,Unemployed,Own,0
715,6081825,1720258,0.13,Unemployed,Mortgage,0
746,6593354,2341098,0.271,Employed,Mortgage,1
656,12446514,2137748,0.174,Employed,Rent,0
685,4490051,1351904,0.247,Employed,Mortgage,0
624,5997580,2196429,0.32,Self-Employed,Mortgage,0
759,2365085,7904256,0.211,Employed,Rent,1
586,9011808,1369002,0.121,Employed,Mortgage,0
743,3397605,2218756,0.113,Self-Employed,Own,0
665,3754505,3989976,0.21,Employed,Mortgage,1
774,4914596,3674825,0.137,Employed,Rent,0
740,2274781,1667885,0.307,Employed,Rent,0
826,5571790,415000,0.165,Employed,Rent,0
738,8061209,2375045,0.225,Employed,Mortgage,0
554,5753394,415000,0.236,Employed,Mortgage,0
675,2245399,4628744,0.379,Employed,Rent,1
586,4671240,1862603,0.159,Unemployed,Own,0
639,7201910,3330458,0.22,Employed,Rent,0
801,2075000,879717,0.24,Unemployed,Rent,0
731,2903589,558009,0.186,Employed,Own,0
624,7702898,1985443,0.172,Self-Employed,Mortgage,0
599,5688073,1615761,0.136,Employed,Mortgage,0
683,6106227,1172624,0.269,Self-Employed,Own,0
583,12592179,1755201,0.277,Employed,Own,1
626,6281523,8300000,0.255,Employed,Rent,1
705,6905185,2966835,0.36,Employed,Mortgage,0
772,16600000,3448650,0.24,Employed,Mortgage,0
729,4465732,2986423,0.135,Unemployed,Rent,0
497,3334691,4659703,0.196,Unemployed,Own,0
704,6154782,1448101,0.116,Self-Employed,Mortgage,0
686,6189310,415000,0.166,Employed,Own,0
713,3818913,1449678,0.331,Self-Employed,Mortgage,0
809,2965756,2919857,0.261,Self-Employed,Mortgage,0
515,15772241,839047,0.139,Employed,Rent,1
633,5851832,1462128,0.394,Employed,Own,1
727,3445911,1019240,0.12,Employed,Mortgage,0
553,7856116,4733905,0.218,Employed,Rent,1
798,4705602,2795357,0.293,Employed,Rent,0
709,4379329,2610184,0.298,Self-Employed,Mortgage,1
748,6582813,2555985,0.128,Employed,Rent,0
634,2604872,1611611,0.141,Employed,Mortgage,1
745,5927777,1899538,0.166,Employed,Mortgage,0
765,12933309,721602,0.176,Self-Employed,Rent,0
699,6274053,415000,0.288,Unemployed,Mortgage,0
699,4117381,1837454,0.155,Self-Employed,Rent,0
702,3856595,2075332,0.192,Employed,Own,0
611,4047744,3856678,0.145,Employed,Own,0
668,4376922,4969210,0.24,Employed,Rent,1
668,4114144,4964562,0.188,Employed,Mortgage,0
711,7857610,822613,0.191,Employed,Mortgage,0
760,2089110,1292725,0.347,Employed,Own,0
595,7647122,2315368,0.095,Self-Employed,Rent,0
670,4110243,8300000,0.134,Employed,Mortgage,0
799,6000236,4661778,0.229,Self-Employed,Own,0
621,2828723,3621539,0.152,Employed,Rent,1
614,9656635,1260936,0.185,Employed,Mortgage,0
696,9264128,891420,0.246,Employed,Rent,0
748,8029503,2873626,0.279,Employed,Mortgage,0
681,2330225,765592,0.184,Employed,Rent,0
786,7522456,1399961,0.26,Employed,Own,0
749,6084564,1526536,0.16,Employed,Mortgage,0
747,2227056,5044823,0.202,Employed,Rent,0
724,4909533,1290484,0.217,Employed,Own,0
850,5963135,415000,0.238,Self-Employed,Own,0
664,6562478,2354793,0.204,Self-Employed,Mortgage,1
520,5430109,1014094,0.086,Employed,Mortgage,0
808,5748580,1704322,0.26,Employed,Rent,0
643,10382636,1556831,0.413,Employed,Mortgage,0
689,9173741,1365765,0.276,Employed,Rent,0
785,2075000,2876448,0.128,Employed,Rent,0
552,4240221,565728,0.315,Employed,Own,0
580,4576786,1151874,0.262,Employed,Mortgage,0
552,2075000,2670193,0.296,Unemployed,Rent,1
616,5209163,1076261,0.17,Employed,Rent,1
715,9278570,536429,0.34,Self-Employed,Own,0
722,2886491,2641392,0.23,Employed,Rent,0
702,5879886,3630918,0.257,Employed,Rent,0
567,3143791,1602896,0.142,Unemployed,Rent,1
495,3551487,419233,0.185,Employed,Rent,0
684,10402307,2711527,0.343,Employed,Rent,0
642,3788784,517588,0.336,Unemployed,Own,1
717,6261603,2053420,0.246,Employed,Rent,0
736,2075000,888764,0.217,Employed,Mortgage,0
691,12610024,734467,0.055,Employed,Mortgage,0
741,6717107,1214124,0.151,Employed,Mortgage,0
698,4536116,1454990,0.192,Employed,Mortgage,0
722,6626637,1053768,0.165,Employed,Mortgage,0
624,2455721,2497802,0.181,Self-Employed,Mortgage,0
666,8976367,1210555,0.171,Employed,Mortgage,0
696,4226360,3285306,0.102,Employed,Mortgage,0
746,4487478,2014078,0.36,Employed,Mortgage,0
649,3886475,1015173,0.203,Employed,Mortgage,0
722,3717321,902293,0.164,Unemployed,Rent,0
659,7033337,522070,0.194,Employed,Mortgage,0
671,5647901,2027607,0.175,Employed,Mortgage,0
746,6884020,1290650,0.121,Self-Employed,Rent,0
521,4947713,415000,0.117,Self-Employed,Own,0
576,6423287,1136934,0.123,Unemployed,Rent,0
561,4030563,880381,0.176,Employed,Rent,0
493,15152978,4984316,0.209,Employed,Own,1
626,2269054,502233,0.209,Employed,Rent,0
740,9335259,603161,0.174,Employed,Mortgage,0
657,9848116,3597718,0.159,Self-Employed,Rent,0
696,3245466,4276160,0.168,Employed,Own,0
767,15149492,981973,0.184,Employed,Mortgage,0
786,8174919,1062732,0.158,Unemployed,Mortgage,0
674,8075983,2546440,0.184,Unemployed,Mortgage,0
788,5039677,415000,0.278,Employed,Mortgage,0
687,4458096,449528,0.222,Unemployed,Own,0
613,4475526,1359125,0.245,Employed,Own,0
632,6041155,4895174,0.159,Employed,Mortgage,0
562,10013369,1219353,0.247,Employed,Own,0
609,5441148,1775370,0.307,Unemployed,Mortgage,0
651,3150680,3658225,0.387,Unemployed,Rent,0
744,7504777,7229383,0.23,Employed,Rent,0
818,7876700,1104647,0.157,Employed,Mortgage,0
569,6894063,1634851,0.244,Employed,Rent,1
711,7214443,5922548,0.219,Employed,Mortgage,0
597,4339987,569961,0.411,Self-Employed,Rent,1
718,3123124,3396111,0.252,Employed,Mortgage,0
670,3219487,810993,0.14,Self-Employed,Rent,0
534,2193690,1777279,0.345,Employed,Own,0
754,5594615,1395811,0.271,Employed,Rent,1
632,4766441,845936,0.062,Employed,Rent,0
637,3988150,831245,0.254,Unemployed,Mortgage,0
594,2075000,2007355,0.251,Employed,Mortgage,0
628,2663553,3320830,0.415,Employed,Mortgage,0
714,8703712,1510600,0.13,Employed,Mortgage,0
665,3564435,1737439,0.199,Unemployed,Rent,1
706,5951432,2467341,0.169,Self-Employed,Own,0
709,2479293,837968,0.114,Self-Employed,Mortgage,0
786,10203024,2776267,0.178,Employed,Rent,0
653,4624262,2935461,0.29,Self-Employed,Mortgage,1
562,5745094,8300000,0.215,Employed,Mortgage,0
765,15898401,1271311,0.381,Self-Employed,Mortgage,0
653,10607400,1200429,0.105,Employed,Mortgage,0
769,4263295,2833786,0.323,Employed,Mortgage,1
711,3693998,2934963,0.364,Unemployed,Mortgage,0
670,4223040,1137432,0.167,Unemployed,Rent,0
708,6412663,1247490,0.347,Employed,Rent,1
836,4714815,2416047,0.19,Employed,Own,0
846,4078454,926861,0.258,Self-Employed,Mortgage,0
686,10349353,1241016,0.313,Unemployed,Mortgage,1
693,4693733,1761260,0.25,Self-Employed,Rent,0
766,15691565,3321743,0.12,Employed,Mortgage,0
612,5200199,1083399,0.168,Employed,Rent,0
707,12133770,455504,0.206,Self-Employed,Rent,1
678,5941638,432430,0.33,Self-Employed,Rent,0
705,8043032,685082,0.131,Self-Employed,Mortgage,0
613,3459191,659767,0.307,Employed,Mortgage,0
553,3242810,1484538,0.411,Employed,Rent,0
514,6253801,719693,0.207,Employed,Rent,1
591,8146616,1011438,0.072,Self-Employed,Mortgage,0
643,5070636,962219,0.334,Employed,Mortgage,0
657,2612010,1215286,0.174,Employed,Mortgage,0
835,2517307,4174900,0.171,Self-Employed,Rent,0
768,2434556,2629274,0.391,Self-Employed,Mortgage,1
603,2075000,1673031,0.125,Employed,Own,1
708,5249169,1197939,0.092,Self-Employed,Mortgage,0
647,8722055,1221511,0.187,Employed,Rent,0
657,4936342,2080810,0.461,Employed,Mortgage,0
695,2075000,2489917,0.152,Employed,Rent,0
730,4517441,876314,0.263,Employed,Rent,0
653,4581102,1697018,0.202,Unemployed,Rent,0
765,14172831,415000,0.24,Unemployed,Own,0
589,2398285,1918462,0.178,Employed,Mortgage,0
681,4087750,2820257,0.165,Self-Employed,Own,0
850,11661085,1359706,0.249,Employed,Mortgage,0
698,6223423,5899723,0.141,Self-Employed,Mortgage,0
795,6586299,892665,0.313,Self-Employed,Rent,0
687,5262615,1926181,0.144,Employed,Mortgage,0
726,5860879,1613271,0.436,Employed,Rent,1
675,7331141,1542057,0.258,Employed,Mortgage,0
666,3315435,1527034,0.324,Employed,Rent,0
618,7708791,1783006,0.234,Unemployed,Rent,0
714,2501371,2994889,0.191,Employed,Mortgage,0
612,5856314,4339406,0.174,Employed,Rent,1
733,5434176,1651617,0.253,Employed,Rent,0
767,3651668,2927244,0.202,Unemployed,Own,0
709,4913517,1012185,0.33,Employed,Rent,0
657,3640297,2827810,0.313,Self-Employed,Rent,0
716,2908071,970353,0.303,Employed,Rent,0
655,4164193,3549412,0.308,Employed,Rent,0
755,2861508,7773946,0.276,Employed,Mortgage,0
533,5839963,1518734,0.199,Employed,Rent,0
653,2796270,415000,0.162,Employed,Mortgage,0
521,7094508,1127140,0.174,Self-Employed,Mortgage,0
560,2752695,3918264,0.274,Self-Employed,Rent,1
789,3744130,2436299,0.138,Employed,Own,0
752,3636562,1969092,0.278,Employed,Own,0
622,9639869,3351457,0.12,Employed,Rent,0
560,5861875,2322008,0.272,Employed,Rent,1
443,4470297,3879586,0.234,Self-Employed,Rent,1
637,6376973,3148522,0.153,Self-Employed,Rent,0
850,2075000,4799558,0.121,Self-Employed,Mortgage,0
715,4863551,2126543,0.378,Employed,Mortgage,0
635,13491899,3117397,0.239,Employed,Mortgage,0
717,5309510,1334225,0.144,Employed,Rent,0
555,5141186,1085806,0.376,Unemployed,Rent,1
656,6536416,5463392,0.326,Employed,Own,0
688,7776685,1924521,0.287,Unemployed,Own,0
673,2075000,2905913,0.133,Employed,Rent,1
743,2142894,1803922,0.162,Employed,Mortgage,0
708,5520579,1097177,0.077,Self-Employed,Mortgage,1
733,3476040,1666972,0.14,Employed,Mortgage,0
625,9576789,4520097,0.198,Employed,Mortgage,0
752,4245035,2440034,0.233,Employed,Own,0
810,2075000,499245,0.286,Unemployed,Rent,0
602,2636163,1422869,0.152,Employed,Rent,0
609,2075000,5759951,0.091,Unemployed,Own,1
787,4420580,1424280,0.12,Employed,Rent,0
665,4522836,469033,0.292,Employed,Rent,0
792,4019275,6224336,0.352,Employed,Mortgage,0
645,8523021,2667122,0.191,Employed,Mortgage,1
796,9048411,1575091,0.207,Unemployed,Mortgage,0
691,4563672,1275461,0.329,Unemployed,Mortgage,0
701,2075000,3528828,0.205,Unemployed,Mortgage,0
805,6766409,1131954,0.179,Unemployed,Rent,0
651,6560154,3695492,0.299,Employed,Mortgage,0
605,5800953,2417790,0.305,Employed,Mortgage,0
644,8117898,1963282,0.2,Self-Employed,Own,1
716,2775769,1831561,0.301,Employed,Rent,0
555,13567927,1463539,0.154,Self-Employed,Rent,0
731,3075980,3439354,0.215,Employed,Mortgage,0
637,7227889,902625,0.241,Employed,Rent,0
772,2137582,531532,0.144,Employed,Rent,0
488,3121132,2543203,0.158,Employed,Own,1
617,10606985,2573332,0.178,Employed,Mortgage,0
545,4361816,2315202,0.276,Employed,Rent,0
614,7563209,2200662,0.344,Employed,Rent,0
700,5594615,1321775,0.344,Employed,Rent,0
666,4715479,2870721,0.312,Employed,Mortgage,1
660,9828196,1602315,0.169,Employed,Mortgage,0
667,4414936,1176276,0.406,Employed,Rent,0
696,2075000,1329743,0.078,Self-Employed,Rent,0
599,3325810,6805834,0.303,Employed,Rent,1
737,6546459,491111,0.264,Employed,Rent,0
733,6056178,2347074,0.111,Employed,Rent,0
711,2270050,510699,0.193,Employed,Mortgage,1
725,3459606,1533508,0.235,Employed,Rent,1
704,3715329,1221179,0.123,Employed,Rent,0
843,4139625,415000,0.215,Employed,Mortgage,0
673,2497719,2172027,0.136,Employed,Mortgage,0
655,3629673,1267825,0.241,Employed,Rent,1
620,3452219,415000,0.253,Employed,Rent,0
597,7308897,2977293,0.103,Employed,Rent,0
580,7447590,4516943,0.216,Employed,Rent,1
609,4620112,4694646,0.279,Employed,Mortgage,1
674,4084928,2126792,0.081,Self-Employed,Rent,0
707,5329679,1708389,0.264,Employed,Mortgage,0
684,3303732,4191417,0.287,Employed,Mortgage,0
619,2800835,5370930,0.392,Employed,Rent,1
752,3105611,3657644,0.254,Employed,Rent,0
739,3617970,855813,0.135,Employed,Rent,0
667,2777595,1904601,0.24,Self-Employed,Rent,1
628,5389024,2250130,0.248,Self-Employed,Mortgage,0
724,7157671,466045,0.306,Employed,Rent,0
695,2247391,2297606,0.358,Employed,Own,1
564,5032373,8120803,0.233,Self-Employed,Mortgage,0
675,4452037,2589019,0.211,Employed,Mortgage,0
701,5894909,4640032,0.231,Employed,Mortgage,0
608,4937504,1880199,0.197,Self-Employed,Mortgage,1
695,2402518,1571605,0.251,Employed,Own,0
564,2643550,2160241,0.136,Employed,Own,0
787,5043246,934497,0.3,Employed,Rent,0
780,8312201,842533,0.265,Employed,Rent,0
660,2075000,4013797,0.238,Employed,Rent,0
709,5907359,4323055,0.138,Employed,Rent,0
487,9008239,826597,0.127,Employed,Mortgage,0
587,4603512,3257418,0.33,Employed,Rent,1
656,6543222,1556499,0.392,Employed,Mortgage,1
594,3496624,2098406,0.258,Self-Employed,Mortgage,0
737,4681615,2282998,0.418,Employed,Rent,1
840,2209709,3318008,0.315,Self-Employed,Mortgage,1
586,2075000,1752794,0.143,Employed,Rent,0
613,7962273,4439089,0.238,Employed,Mortgage,0
699,3036887,2054250,0.19,Employed,Mortgage,0
809,3957357,2560633,0.263,Employed,Rent,0
582,2484605,923126,0.225,Employed,Mortgage,0
700,2455555,7496145,0.281,Self-Employed,Rent,1
826,4555870,2298353,0.292,Unemployed,Mortgage,0
548,3450559,2724890,0.165,Self-Employed,Mortgage,0
578,6003307,536678,0.218,Employed,Mortgage,0
646,6231391,930015,0.245,Employed,Mortgage,1
638,5834319,3934781,0.273,Employed,Own,0
745,5599263,2022129,0.339,Employed,Mortgage,0
699,10937657,433343,0.137,Self-Employed,Mortgage,0
538,2914047,3421675,0.153,Self-Employed,Mortgage,0
721,4834916,1130543,0.15,Employed,Mortgage,0
634,8755421,4442658,0.327,Unemployed,Mortgage,1
782,9352108,1555586,0.279,Self-Employed,Own,0
630,2441113,1909083,0.155,Employed,Rent,0
629,4251011,3775753,0.222,Unemployed,Rent,0
723,9800059,882539,0.102,Employed,Rent,0
741,6406853,825601,0.114,Employed,Rent,0
716,5479245,1441627,0.135,Employed,Rent,0
545,4457017,2951646,0.314,Employed,Rent,1
723,4101777,651633,0.29,Employed,Mortgage,0
597,5739865,514600,0.158,Unemployed,Rent,1
699,4380408,2944508,0.171,Employed,Rent,1
566,4864879,1084644,0.131,Employed,Mortgage,1
716,5168742,1257035,0.141,Employed,Rent,0
615,3540614,450939,0.167,Employed,Mortgage,0
577,6484375,1028453,0.243,Self-Employed,Mortgage,0
737,16600000,1645475,0.217,Employed,Own,0
699,2075000,3172758,0.084,Unemployed,Mortgage,1
631,5843532,964128,0.138,Employed,Rent,0
796,3398186,5277721,0.263,Employed,Rent,1
645,6632862,1024469,0.237,Employed,Own,0
683,5086572,1025465,0.174,Employed,Mortgage,0
702,7273622,4852429,0.261,Unemployed,Mortgage,1
630,8944910,1918130,0.172,Employed,Mortgage,0
718,5471443,1123986,0.292,Employed,Rent,0
637,8752682,1483957,0.252,Employed,Mortgage,0
647,2075000,4265204,0.181,Self-Employed,Mortgage,0
789,11007294,4616626,0.432,Employed,Own,0
597,5994592,933833,0.205,Self-Employed,Rent,0
487,8518622,1605801,0.319,Self-Employed,Mortgage,1
809,2700405,1762007,0.307,Employed,Rent,0
850,3280326,829419,0.132,Employed,Own,0
648,5345698,1590944,0.168,Employed,Rent,0
525,4927378,1660415,0.354,Employed,Mortgage,1
655,5725091,3674742,0.18,Unemployed,Rent,1
657,8547091,3851781,0.245,Employed,Mortgage,1
665,2075000,1313724,0.16,Self-Employed,Mortgage,0
591,8086856,1424114,0.267,Employed,Rent,1
726,4990209,2633590,0.162,Employed,Own,0
722,4488142,1098256,0.301,Self-Employed,Own,0
560,2381602,2497719,0.255,Employed,Own,0
736,6390751,1555503,0.269,Employed,Rent,0
844,2075000,839213,0.333,Employed,Mortgage,0
694,6872483,846683,0.244,Employed,Mortgage,0
653,2356702,4555206,0.191,Self-Employed,Mortgage,1
669,5104168,1482629,0.122,Employed,Mortgage,0
729,4682113,5215222,0.301,Self-Employed,Mortgage,1
542,8918267,1154613,0.333,Employed,Rent,1
693,4544914,2028271,0.397,Employed,Mortgage,0
649,3512228,8300000,0.284,Employed,Rent,1
828,3857508,789081,0.138,Self-Employed,Rent,0
666,9391201,438157,0.374,Employed,Rent,0
813,6497904,4071233,0.179,Employed,Rent,0
592,4098042,927359,0.18,Employed,Mortgage,0
727,4415434,1630452,0.265,Employed,Mortgage,0
706,2269884,1097675,0.168,Self-Employed,Rent,0
610,6034930,1995818,0.273,Employed,Mortgage,1
694,2075000,850418,0.188,Unemployed,Own,0
777,7237185,1458476,0.336,Employed,Own,0
654,5299633,2266398,0.286,Employed,Own,0
545,16392168,816720,0.131,Employed,Own,0
679,2866986,1013347,0.301,Self-Employed,Mortgage,0
608,4720874,1297124,0.202,Employed,Own,0
653,12212703,608473,0.416,Employed,Own,0
673,9016207,1230641,0.194,Employed,Rent,0
544,3508659,1797697,0.27,Employed,Own,0
551,5558427,1250644,0.215,Employed,Mortgage,1
719,4974522,1368006,0.163,Unemployed,Mortgage,0
638,5721937,1631365,0.21,Employed,Own,0
475,3504260,1045302,0.29,Employed,Rent,0
743,4752497,2683390,0.199,Employed,Mortgage,0
702,2235107,4520014,0.156,Employed,Mortgage,1
623,5316897,1195117,0.281,Employed,Mortgage,0
575,6223589,2323253,0.171,Unemployed,Own,1
747,4435437,1398799,0.29,Employed,Own,0
708,2216183,2136503,0.266,Self-Employed,Mortgage,0
850,8146533,4949954,0.238,Employed,Own,0
714,5963135,2361765,0.304,Self-Employed,Rent,0
711,3456701,478080,0.378,Employed,Own,0
667,4318988,2273038,0.256,Unemployed,Rent,0
745,2346659,3920920,0.18,Employed,Mortgage,0
730,2976131,1416561,0.331,Employed,Rent,0
780,3797831,3320996,0.289,Employed,Mortgage,0
638,9184697,1020485,0.265,Employed,Rent,0
645,3609504,584735,0.109,Employed,Rent,0
642,6844429,1826000,0.292,Employed,Mortgage,0
743,3796835,483724,0.21,Self-Employed,Mortgage,0
800,5625491,1398633,0.082,Self-Employed,Rent,0
643,4630321,4071980,0.068,Employed,Mortgage,0
646,7689535,434505,0.17,Self-Employed,Rent,0
705,3803475,675454,0.084,Employed,Rent,0
660,2263825,803274,0.236,Employed,Rent,0
756,2490166,1582478,0.108,Employed,Mortgage,0
500,3809119,1280607,0.195,Employed,Mortgage,0
614,2661229,4404976,0.184,Employed,Mortgage,1
617,6100915,3226459,0.149,Employed,Own,1
494,3937105,2339687,0.184,Employed,Mortgage,0
603,16291323,1831727,0.182,Employed,Mortgage,0
607,2084379,2178418,0.318,Self-Employed,Own,1
664,5502153,904783,0.402,Employed,Rent,0
769,2827395,3014311,0.341,Self-Employed,Rent,1
660,3883072,759533,0.13,Employed,Rent,0
598,5333663,2968578,0.306,Employed,Mortgage,0
675,2075000,3794760,0.337,Employed,Mortgage,1
764,5594283,1917300,0.093,Self-Employed,Rent,0
602,12868486,1462294,0.175,Employed,Own,0
607,3961424,2189208,0.293,Employed,Own,0
725,5658940,415000,0.164,Self-Employed,Rent,0
662,8296182,2044041,0.332,Self-Employed,Rent,0
732,4578446,1528030,0.264,Employed,Rent,0
679,3716740,1596588,0.275,Employed,Rent,1
736,2075000,2712606,0.359,Employed,Own,0
597,6847085,1569862,0.32,Employed,Mortgage,0
679,4696140,744676,0.127,Self-Employed,Rent,0
663,2995138,1498316,0.164,Employed,Mortgage,0
583,5294321,1734285,0.245,Employed,Rent,0
555,3711677,1792800,0.158,Employed,Mortgage,0
735,3815676,1852726,0.263,Employed,Mortgage,0
652,6729308,3424248,0.262,Employed,Mortgage,1
598,2545029,773477,0.128,Employed,Mortgage,0
672,8389557,1870737,0.244,Employed,Own,0
770,2470661,4080778,0.154,Employed,Rent,1
498,3567921,491194,0.18,Employed,Mortgage,0
560,12998132,1875883,0.244,Employed,Rent,1
606,8732098,1098090,0.313,Employed,Rent,0
797,5218127,1276125,0.134,Employed,Own,0
703,3105196,878057,0.312,Self-Employed,Mortgage,0
741,3814099,1469100,0.259,Unemployed,Rent,0
589,5154964,6002726,0.244,Unemployed,Mortgage,1
590,5063664,682675,0.191,Employed,Mortgage,0
716,4748845,729487,0.249,Employed,Own,0
685,4893514,664996,0.141,Employed,Mortgage,0
724,4464404,5542906,0.188,Self-Employed,Rent,0
665,2416545,1196860,0.312,Employed,Mortgage,1
702,3838501,1624808,0.256,Employed,Rent,0
693,7850970,1247822,0.267,Employed,Rent,1
742,2507181,854070,0.495,Employed,Mortgage,0
745,4520180,1403198,0.181,Self-Employed,Mortgage,0
550,3298420,8300000,0.274,Employed,Rent,1
500,5254066,4383230,0.136,Employed,Mortgage,0
760,4091900,910510,0.364,Unemployed,Mortgage,1
775,10402307,2602880,0.209,Employed,Mortgage,0
598,6402039,924288,0.23,Employed,Rent,0
531,2579059,477084,0.098,Employed,Rent,0
688,6951416,3377021,0.214,Employed,Rent,0
754,3373701,3726202,0.131,Employed,Rent,0
824,3724127,3440350,0.419,Employed,Rent,0
721,5813818,1190552,0.205,Unemployed,Rent,0
650,3886309,1471922,0.15,Employed,Rent,0
609,7766061,2795938,0.211,Employed,Rent,0
681,3373950,2175762,0.166,Employed,Own,0
656,3646854,1255790,0.07,Unemployed,Mortgage,0
599,3579209,532611,0.383,Employed,Rent,0
844,3745375,1791472,0.296,Unemployed,Own,1
823,8610005,3520611,0.224,Employed,Rent,0
771,6805502,715377,0.194,Employed,Mortgage,0
606,11684989,2586944,0.146,Self-Employed,Own,0
748,15442980,2086371,0.089,Employed,Mortgage,0
731,2968246,2796685,0.12,Employed,Rent,0
715,5147660,3045685,0.309,Unemployed,Rent,1
780,2759999,1017331,0.285,Employed,Mortgage,0
731,3368721,533358,0.185,Employed,Mortgage,0
739,3626602,1138677,0.18,Self-Employed,Mortgage,0
731,2929236,3082454,0.206,Unemployed,Mortgage,0
707,2936955,1131954,0.102,Unemployed,Rent,0
537,4623681,1017663,0.102,Self-Employed,Mortgage,1
687,2704638,462227,0.243,Employed,Rent,0
636,7571509,5641676,0.217,Unemployed,Own,1
578,3140720,2948575,0.181,Employed,Mortgage,0
815,16600000,2835612,0.184,Employed,Mortgage,0
818,3965491,3256754,0.168,Employed,Mortgage,0
789,5151727,2476969,0.158,Self-Employed,Rent,0
700,2600390,1394151,0.346,Employed,Rent,1
788,11662496,1475076,0.114,Self-Employed,Mortgage,0
681,8697902,1226325,0.145,Employed,Mortgage,0
696,5764931,8300000,0.43,Employed,Mortgage,1
593,2534322,2441113,0.315,Employed,Own,0
712,5521575,1195615,0.194,Employed,Rent,0
685,2836608,2291464,0.253,Employed,Rent,0
576,10324370,815226,0.205,Employed,Mortgage,0
676,7447839,4742122,0.319,Employed,Rent,1
674,5212483,1041401,0.16,Employed,Rent,1
824,2075000,2349232,0.147,Employed,Own,0
752,3039294,3488656,0.187,Employed,Own,0
681,7009101,2165553,0.34,Employed,Own,0
700,9113649,1767319,0.118,Employed,Rent,1
684,8653082,1666806,0.312,Employed,Rent,0
664,2241913,1590114,0.215,Employed,Mortgage,0
593,5778294,1104813,0.168,Employed,Own,1
668,8257255,1207650,0.347,Employed,Rent,1
620,2168790,4660118,0.144,Employed,Rent,0
580,4949954,1533176,0.315,Employed,Rent,0
721,5698780,954334,0.304,Employed,Mortgage,0
711,4275662,1152455,0.225,Employed,Mortgage,0
537,2075000,3573648,0.469,Employed,Mortgage,1
670,4222708,2654506,0.129,Unemployed,Rent,0
760,4219305,2448749,0.157,Employed,Mortgage,0
765,4614883,1381369,0.275,Employed,Mortgage,0
762,3749359,2471159,0.344,Unemployed,Rent,1
683,3982174,1054266,0.404,Employed,Rent,0
612,4871851,1379294,0.352,Employed,Mortgage,0
593,6200017,3261485,0.285,Self-Employed,Rent,1
708,4267860,3050582,0.364,Employed,Own,0
710,4049155,831909,0.107,Self-Employed,Mortgage,0
783,5204432,908850,0.149,Employed,Rent,0
768,2075000,1784998,0.116,Employed,Mortgage,0
669,6308166,5537926,0.231,Employed,Mortgage,0
580,4968131,432762,0.272,Employed,Rent,0
654,5069142,2010094,0.134,Unemployed,Mortgage,0
697,8034151,631381,0.279,Employed,Rent,0
664,2075000,1061072,0.215,Employed,Rent,0
634,2075000,1281769,0.216,Employed,Mortgage,0
700,5698697,1232384,0.25,Self-Employed,Mortgage,0
640,4951863,1138428,0.222,Employed,Rent,1
630,5410936,1662573,0.212,Self-Employed,Rent,0
705,3944243,1137266,0.109,Employed,Mortgage,0
648,6927595,594280,0.128,Self-Employed,Rent,0
700,7922018,2855449,0.105,Employed,Own,0
702,6330161,2801997,0.156,Employed,Mortgage,0
589,4361899,2984846,0.308,Employed,Own,0
642,2075000,562574,0.152,Employed,Rent,0
795,7300514,2039227,0.188,Employed,Own,0
587,9154070,2655170,0.256,Employed,Rent,0
511,6859286,803689,0.219,Self-Employed,Rent,0
531,3201144,1664897,0.174,Self-Employed,Rent,1
682,6960297,1524959,0.264,Self-Employed,Rent,0
682,7641478,6006461,0.251,Unemployed,Own,1
671,10834488,6362863,0.312,Unemployed,Mortgage,0
777,3206788,515928,0.169,Employed,Mortgage,0
466,4437512,8300000,0.18,Employed,Mortgage,0
712,7220834,871666,0.217,Self-Employed,Mortgage,0
805,5114294,3286468,0.158,Unemployed,Mortgage,0
590,2842418,3263062,0.161,Unemployed,Own,0
650,6114361,823941,0.258,Self-Employed,Mortgage,0
620,6637012,2336450,0.361,Employed,Mortgage,0
608,5192978,1534255,0.209,Unemployed,Rent,0
654,5546226,2438457,0.21,Unemployed,Own,0
794,4366547,1944109,0.165,Employed,Rent,0
827,10406872,3821984,0.349,Self-Employed,Rent,0
653,3167612,1743913,0.096,Employed,Own,0
832,3704954,1470843,0.334,Unemployed,Rent,1
683,4996932,3562941,0.332,Employed,Rent,0
820,7712194,2483360,0.213,Self-Employed,Rent,0
673,2350560,2760995,0.162,Employed,Mortgage,0
690,2581051,1038828,0.294,Employed,Own,0
709,2075000,795804,0.289,Employed,Own,0
850,5051463,1111702,0.237,Employed,Mortgage,0
748,2841090,1071198,0.102,Employed,Own,0
623,4100283,2868148,0.374,Unemployed,Mortgage,0
758,6917220,3275678,0.195,Employed,Own,0
651,3605852,1483957,0.263,Self-Employed,Rent,0
641,5578762,4503995,0.09,Employed,Mortgage,0
753,4278733,4311352,0.101,Employed,Rent,0
682,6954487,1961539,0.115,Self-Employed,Rent,0
702,6302190,930513,0.269,Self-Employed,Mortgage,0
681,3516129,4983320,0.339,Employed,Rent,1
707,4567656,1585051,0.099,Self-Employed,Mortgage,0
714,8374617,1806993,0.23,Self-Employed,Mortgage,0
525,6049787,1304262,0.358,Employed,Rent,0
733,2471574,887353,0.083,Unemployed,Mortgage,0
601,6897383,591707,0.368,Self-Employed,Mortgage,1
565,2889313,2576237,0.064,Employed,Own,0
675,10070224,955911,0.23,Employed,Rent,0
687,8292696,8300000,0.154,Employed,Own,0
625,5744679,773394,0.2,Employed,Own,0
746,5375993,685995,0.247,Self-Employed,Mortgage,0
573,4476356,2364172,0.315,Self-Employed,Rent,0
647,6976814,4825205,0.376,Employed,Mortgage,1
633,4128586,1730716,0.302,Employed,Own,0
676,5590797,2469250,0.208,Employed,Rent,0
702,7685219,455172,0.141,Employed,Own,0
599,3752513,1029532,0.19,Unemployed,Own,1
738,3651834,780200,0.163,Employed,Mortgage,0
685,2735016,438987,0.265,Employed,Mortgage,0
529,2918529,1795373,0.098,Employed,Mortgage,0
523,2075000,415000,0.182,Employed,Mortgage,0
679,7158086,655617,0.162,Self-Employed,Own,0
662,12277692,1135772,0.254,Unemployed,Rent,0
672,10134964,924454,0.373,Employed,Rent,1
678,2204065,2183232,0.228,Employed,Rent,0
698,7140324,2048772,0.194,Employed,Own,0
756,10118696,3092497,0.416,Employed,Rent,0
591,3954784,2801084,0.202,Employed,Own,0
586,5228170,3676236,0.15,Employed,Mortgage,0
593,2075000,1652032,0.112,Self-Employed,Rent,1
703,5678528,2045701,0.199,Employed,Own,0
780,2919940,2366413,0.291,Employed,Mortgage,0
645,5491197,1826664,0.225,Employed,Rent,0
480,2276690,1252719,0.15,Self-Employed,Rent,0
544,6519235,1310736,0.149,Employed,Rent,0
613,8294439,933335,0.293,Employed,Rent,0
635,3359342,2222159,0.299,Self-Employed,Rent,1
647,2814696,1548863,0.428,Employed,Mortgage,1
683,2075000,1039907,0.23,Unemployed,Rent,0
655,4349781,1040571,0.143,Employed,Rent,0
764,3715578,708986,0.18,Self-Employed,Rent,0
626,2288310,3282235,0.194,Unemployed,Mortgage,0
611,6232885,1747814,0.336,Employed,Own,0
718,3968313,904285,0.118,Employed,Rent,0
557,2902178,2913383,0.157,Employed,Rent,0
711,3766125,1117429,0.173,Self-Employed,Mortgage,0
688,8490817,618018,0.237,Unemployed,Own,0
668,6718020,3381088,0.327,Self-Employed,Mortgage,0
807,4656715,1135855,0.208,Unemployed,Own,0
630,6772551,1242510,0.178,Employed,Own,0
845,2781164,1702579,0.116,Employed,Mortgage,0
662,5050633,3680884,0.231,Employed,Own,0
578,5349433,1677596,0.177,Self-Employed,Rent,0
686,3929137,714547,0.069,Self-Employed,Own,0
594,6178437,2420695,0.346,Employed,Own,1
620,3363907,1178019,0.315,Employed,Own,0
712,6412414,6202009,0.378,Employed,Mortgage,1
724,6548617,1652945,0.291,Self-Employed,Mortgage,0
630,2075000,415000,0.271,Unemployed,Rent,1
759,9011310,2124385,0.24,Employed,Mortgage,0
773,2075000,6453001,0.247,Employed,Rent,0
795,3652083,4985229,0.198,Employed,Mortgage,0
722,8297925,5959566,0.198,Employed,Mortgage,0
789,4240553,810163,0.338,Unemployed,Rent,0
530,2387495,3132503,0.275,Employed,Rent,1
655,2876199,997909,0.207,Employed,Rent,0
611,8304399,1935477,0.068,Employed,Mortgage,0
690,2075000,678608,0.188,Employed,Mortgage,0
634,8739236,1053602,0.271,Unemployed,Mortgage,0
667,4834501,1030445,0.382,Employed,Rent,0
831,2737755,3102872,0.23,Employed,Own,0
666,3712756,2897447,0.123,Employed,Mortgage,0
713,2988332,2007936,0.209,Unemployed,Rent,0
661,7663307,642752,0.267,Unemployed,Rent,1
686,7167382,1329992,0.189,Employed,Mortgage,0
680,2103801,981226,0.231,Employed,Rent,0
716,4061439,3040788,0.153,Employed,Rent,0
773,3227621,3773678,0.148,Employed,Rent,0
812,9488560,3465333,0.302,Employed,Rent,0
705,2530172,975001,0.156,Self-Employed,Rent,0
727,11083322,415000,0.073,Unemployed,Rent,0
588,4887538,480238,0.153,Employed,Own,0
673,2779753,4474862,0.215,Employed,Mortgage,0
755,3542025,1249150,0.312,Employed,Mortgage,0
749,3328466,978072,0.184,Employed,Mortgage,0
697,2627448,5223605,0.242,Employed,Mortgage,0
751,5210823,4010643,0.138,Employed,Rent,0
719,2689532,1682742,0.192,Unemployed,Rent,0
776,2075000,1347090,0.325,Employed,Rent,0
703,4110243,1508110,0.235,Self-Employed,Mortgage,0
652,2075000,1939295,0.303,Employed,Mortgage,0
707,3411798,5070138,0.209,Employed,Rent,1
446,3154332,2223404,0.267,Employed,Mortgage,1
711,3214673,2749873,0.257,Unemployed,Own,0
388,13515139,3750272,0.156,Employed,Rent,1
542,5111721,729487,0.1,Employed,Mortgage,1
716,5618187,2805898,0.142,Self-Employed,Mortgage,0
718,2075000,1346011,0.135,Self-Employed,Mortgage,0
587,3583525,415000,0.257,Employed,Mortgage,0
623,5534357,415000,0.24,Employed,Mortgage,0
790,2977459,811076,0.117,Employed,Rent,0
641,7825323,2399281,0.177,Self-Employed,Mortgage,0
850,2723645,1791389,0.261,Employed,Own,0
680,4306621,1882108,0.242,Employed,Rent,0
713,3707278,6481719,0.268,Employed,Own,1
809,5395083,680434,0.234,Employed,Rent,0
690,3607761,1622733,0.381,Unemployed,Mortgage,0
600,4340070,2047112,0.093,Self-Employed,Mortgage,1
671,4416098,988032,0.16,Employed,Mortgage,0
677,3442259,1687390,0.23,Unemployed,Own,0
571,6333647,539749,0.235,Employed,Rent,0
660,5598682,4438259,0.297,Employed,Mortgage,0
621,4754157,1026544,0.425,Employed,Mortgage,1
754,4007240,6857294,0.336,Self-Employed,Own,0
683,7400944,1617006,0.237,Employed,Mortgage,0
657,4416762,3397273,0.093,Employed,Own,0
672,4263046,1593600,0.154,Self-Employed,Own,0
698,5236636,1618998,0.222,Employed,Rent,0
729,11607135,1099086,0.214,Unemployed,Own,0
600,2542539,1798112,0.319,Employed,Own,0
597,7302838,2066617,0.309,Employed,Rent,0
768,2075000,955413,0.238,Employed,Mortgage,0
647,5539835,1515580,0.179,Employed,Rent,0
567,10923049,1079249,0.113,Employed,Mortgage,0
716,6345018,8273772,0.151,Employed,Rent,1
717,5412098,1553511,0.165,Unemployed,Mortgage,0
558,3755086,4879238,0.181,Self-Employed,Mortgage,1
698,5047313,1442540,0.196,Self-Employed,Mortgage,0
739,4381072,1983451,0.137,Employed,Rent,0
710,3354611,655949,0.231,Employed,Mortgage,0
731,4299068,1209725,0.108,Employed,Mortgage,0
568,5487794,1916885,0.14,Employed,Mortgage,0
706,3386234,5020504,0.201,Self-Employed,Rent,1
656,3320747,1932323,0.141,Employed,Rent,0
641,2517390,4357666,0.112,Employed,Mortgage,1
750,6041736,2590513,0.381,Employed,Own,0
798,6527286,5168161,0.246,Employed,Rent,0
824,5579841,1587209,0.166,Employed,Mortgage,0
785,8051996,8300000,0.292,Employed,Rent,1
671,5192729,1177687,0.297,Employed,Mortgage,0
708,6045637,967365,0.216,Employed,Rent,0
741,5784851,709152,0.306,Employed,Mortgage,0
690,4747185,8300000,0.145,Self-Employed,Rent,1
690,3811111,2935710,0.214,Employed,Rent,0
746,15035367,1309242,0.307,Employed,Rent,0
